"0","#| echo: false"
"0",""
"0",""
"0","season_labels <- c("
"0","  `1` = ""Drought"","
"0","  `0` = ""No Drought"""
"0",")"
"0","piedbabbler %>% mutate(dt_year=year(Date)) %>% "
"0","  #drop_na(No.ChicksFledge) %>% "
"0","  #select(dt_year,Mass,BroodSize,GrpSizeAD,No.ChicksFledge,Rain90,Season,Drought) #%>% "
"0","  # group_by(dt_year, Drought) %>%"
"0","  # summarize(avg_mass=mean(Mass),"
"0","  #           avg_brsize=mean(BroodSize),"
"0","  #           avg_grp_size=mean(GrpSizeAD), "
"0","  #           avg_chick_fledge=mean(No.ChicksFledge), "
"0","  #           avg_rain=mean(Rain90)) %>% "
"0","  # mutate(Drought=as.character(Drought) ) %>% "
"0","  # drop_na(Drought)%>% "
"0","  #      ggplot(aes(x=dt_year,y = avg_rain)) +"
"0","  # geom_line() + #geom_c(stat='identity') "
"0","  # facet_wrap(~Drought , scales = ""free_y"" ,labeller = as_labeller(season_labels)) +"
"0","  # labs(title = ""Average Rain Fall Over Time Faceted by Season "","
"0","  #      x='date',y = ""Average Rain "") +"
"0","  # theme_minimal()"
"2","Error: Incomplete expression: piedbabbler %>% mutate(dt_year=year(Date)) %>% 
  #drop_na(No.ChicksFledge) %>% 
  #select(dt_year,Mass,BroodSize,GrpSizeAD,No.ChicksFledge,Rain90,Season,Drought) #%>% 
  # group_by(dt_year, Drought) %>%
  # summarize(avg_mass=mean(Mass),
  #           avg_brsize=mean(BroodSize),
  #           avg_grp_size=mean(GrpSizeAD), 
  #           avg_chick_fledge=mean(No.ChicksFledge), 
  #           avg_rain=mean(Rain90)) %>% 
  # mutate(Drought=as.character(Drought) ) %>% 
  # drop_na(Drought)%>% 
  #      ggplot(aes(x=dt_year,y = avg_rain)) +
  # geom_line() + #geom_c(stat='identity') 
  # facet_wrap(~Drought , scales = ""free_y"" ,labeller = as_labeller(season_labels)) +
  # labs(title = ""Average Rain Fall Over Time Faceted by Season "",
  #      x='date',y = ""Average Rain "") +
  # theme_minimal()
"
